-- =============================================================================
-- V17__seed_demo_data_day6.sql
--
-- Purpose : Additive seed data for the Postman demonstration, scoped to what
--           is actually implemented (Day 6 — Order Management + Order Status
--           Machine). Rebuilt from an earlier unused V14 draft you shared —
--           reused its catalog/customer design, but corrected everything
--           that would have collided with or diverged from your real,
--           already-seeded database. See the corrections list at the bottom.
--
-- Scope excluded on purpose (not yet implemented): invoices, invoice_items,
-- payments, audit_log, in_app_notifications, and the INVOICED/CLOSED order
-- statuses (those depend on the invoicing module).
-- =============================================================================

-- -----------------------------------------------------------------------
-- 1. Customers — 4 new customers (2 already exist live: Fatuma Traders Ltd,
--    Demo Customer). One is ON_HOLD, for the Step 8 business-rule demo.
--    IDs match the old draft's numbering (0003-...002 through 005) — these
--    were never actually used live, so they're safe to claim now.
-- -----------------------------------------------------------------------
INSERT INTO public.customers
(id, business_id, user_id, name, email, phone, account_type, status,
 credit_limit, payment_terms, notes, tags, created_at, updated_at)
VALUES
    ('00000000-0000-0000-0003-000000000002',
     '00000000-0000-0000-0000-000000000001', NULL,
     'Kariakoo Supermarket', 'orders@kariakoo-super.co.tz', '+255754111002',
     'WHOLESALE', 'ACTIVE', 20000000.00, 'NET_60',
     'High volume wholesale client', NULL,
     '2026-07-03 08:00:00', '2026-07-03 08:00:00'),

    ('00000000-0000-0000-0003-000000000003',
     '00000000-0000-0000-0000-000000000001', NULL,
     'Mwangi Distributors', 'purchasing@mwangi-dist.co.ke', '+254712111003',
     'WHOLESALE', 'ACTIVE', 15000000.00, 'NET_30',
     'Cross-border distributor, Kenya', NULL,
     '2026-07-03 08:00:00', '2026-07-03 08:00:00'),

    ('00000000-0000-0000-0003-000000000004',
     '00000000-0000-0000-0000-000000000001', NULL,
     'Nyerere Road Mini Mart', 'minimart.nyerere@gmail.com', '+255754111004',
     'RETAIL', 'ACTIVE', 2000000.00, 'NET_14',
     'Small retail shop, pays promptly', NULL,
     '2026-07-03 08:00:00', '2026-07-03 08:00:00'),

    ('00000000-0000-0000-0003-000000000005',
     '00000000-0000-0000-0000-000000000001', NULL,
     'Zanzibar Trading Co.', 'ztc@zanzibartrading.co.tz', '+255777111005',
     'WHOLESALE', 'ON_HOLD', 10000000.00, 'NET_30',
     'Outstanding balance exceeded limit for 45 days', NULL,
     '2026-07-03 08:00:00', '2026-07-03 08:00:00');

-- -----------------------------------------------------------------------
-- 2. Customer addresses for the 4 new customers.
--    CORRECTION vs the old draft: the draft's INSERT omitted business_id,
--    which your live customer_addresses table requires. Added here.
-- -----------------------------------------------------------------------
INSERT INTO public.customer_addresses
(id, business_id, customer_id, label, street, city, region, country,
 is_default, created_at, updated_at)
VALUES
    ('10000000-0000-0000-0009-000000000001', '00000000-0000-0000-0000-000000000001',
     '00000000-0000-0000-0003-000000000002', 'Store', 'Kariakoo Market, Stand 45',
     'Dar es Salaam', 'Dar es Salaam', 'Tanzania', true,
     '2026-07-03 08:00:00', '2026-07-03 08:00:00'),

    ('10000000-0000-0000-0009-000000000002', '00000000-0000-0000-0000-000000000001',
     '00000000-0000-0000-0003-000000000003', 'Office', 'Ngong Road, Suite 12',
     'Nairobi', 'Nairobi County', 'Kenya', true,
     '2026-07-03 08:00:00', '2026-07-03 08:00:00'),

    ('10000000-0000-0000-0009-000000000003', '00000000-0000-0000-0000-000000000001',
     '00000000-0000-0000-0003-000000000004', 'Shop', 'Nyerere Road, Shop 7',
     'Dar es Salaam', 'Dar es Salaam', 'Tanzania', true,
     '2026-07-03 08:00:00', '2026-07-03 08:00:00'),

    ('10000000-0000-0000-0009-000000000004', '00000000-0000-0000-0000-000000000001',
     '00000000-0000-0000-0003-000000000005', 'Office', 'Forodhani Area, Plot 3',
     'Zanzibar', 'Zanzibar', 'Tanzania', true,
     '2026-07-03 08:00:00', '2026-07-03 08:00:00');

-- -----------------------------------------------------------------------
-- 3. Products — 14 new products (existing "Coca Cola 500ml" / SKU BEV-001
--    is reused, not duplicated — the old draft would have created a
--    second, differently-SKU'd "Coca Cola 500ml").
--    Category ids reused from your existing live categories:
--      Beverages -> 0001-000000000001   Dry Foods  -> 0001-000000000002
--      Household -> 0001-000000000003   Stationery -> 0001-000000000004
--    (Draft also proposed Soft Drinks / Water & Juices subcategories —
--    omitted here to stay consistent with how your existing product is
--    already categorized; easy to add later if you want the nesting.)
-- -----------------------------------------------------------------------
INSERT INTO public.products
(id, business_id, sku, name, description, category_id, parent_id,
 unit_of_measure, cost_price, sale_price, reorder_point, track_inventory,
 is_active, attributes, image_url, created_at, updated_at)
VALUES
    ('00000000-0000-0000-0002-000000000002', '00000000-0000-0000-0000-000000000001',
     'BEV-COKE-1L', 'Coca Cola 1 Litre', 'Carbonated soft drink 1 litre bottle',
     '00000000-0000-0000-0001-000000000001', NULL, 'UNIT', 1400.00, 2000.00, 80,
     true, true, NULL, NULL, '2026-07-03 08:00:00', '2026-07-03 08:00:00'),

    ('00000000-0000-0000-0002-000000000003', '00000000-0000-0000-0000-000000000001',
     'BEV-FANTA-500', 'Fanta Orange 500ml', 'Carbonated orange drink 500ml',
     '00000000-0000-0000-0001-000000000001', NULL, 'UNIT', 800.00, 1200.00, 100,
     true, true, NULL, NULL, '2026-07-03 08:00:00', '2026-07-03 08:00:00'),

    ('00000000-0000-0000-0002-000000000004', '00000000-0000-0000-0000-000000000001',
     'BEV-WATER-1L', 'Kilimanjaro Water 1L', 'Still mineral water 1 litre',
     '00000000-0000-0000-0001-000000000001', NULL, 'UNIT', 400.00, 600.00, 200,
     true, true, NULL, NULL, '2026-07-03 08:00:00', '2026-07-03 08:00:00'),

    ('00000000-0000-0000-0002-000000000005', '00000000-0000-0000-0000-000000000001',
     'BEV-JUICE-1L', 'Azam Juice 1 Litre', 'Mixed fruit juice 1 litre carton',
     '00000000-0000-0000-0001-000000000001', NULL, 'UNIT', 1200.00, 1800.00, 60,
     true, true, NULL, NULL, '2026-07-03 08:00:00', '2026-07-03 08:00:00'),

    ('00000000-0000-0000-0002-000000000006', '00000000-0000-0000-0000-000000000001',
     'FOOD-RICE-5KG', 'Mkunde Rice 5kg', 'Premium long grain white rice 5kg bag',
     '00000000-0000-0000-0001-000000000002', NULL, 'BAG', 8000.00, 12000.00, 50,
     true, true, NULL, NULL, '2026-07-03 08:00:00', '2026-07-03 08:00:00'),

    ('00000000-0000-0000-0002-000000000007', '00000000-0000-0000-0000-000000000001',
     'FOOD-SUGAR-2KG', 'Kagera Sugar 2kg', 'Refined white sugar 2kg packet',
     '00000000-0000-0000-0001-000000000002', NULL, 'PACKET', 3500.00, 5000.00, 80,
     true, true, NULL, NULL, '2026-07-03 08:00:00', '2026-07-03 08:00:00'),

    ('00000000-0000-0000-0002-000000000008', '00000000-0000-0000-0000-000000000001',
     'FOOD-FLOUR-2KG', 'Pembe Flour 2kg', 'Wheat flour 2kg packet',
     '00000000-0000-0000-0001-000000000002', NULL, 'PACKET', 2800.00, 4000.00, 100,
     true, true, NULL, NULL, '2026-07-03 08:00:00', '2026-07-03 08:00:00'),

    ('00000000-0000-0000-0002-000000000009', '00000000-0000-0000-0000-000000000001',
     'FOOD-OIL-2L', 'Cowboy Cooking Oil 2L', 'Refined vegetable cooking oil 2 litres',
     '00000000-0000-0000-0001-000000000002', NULL, 'UNIT', 7000.00, 10000.00, 40,
     true, true, NULL, NULL, '2026-07-03 08:00:00', '2026-07-03 08:00:00'),

    ('00000000-0000-0000-0002-000000000010', '00000000-0000-0000-0000-000000000001',
     'HH-SOAP-SUNLIGHT', 'Sunlight Soap Bar', 'Laundry soap bar 800g',
     '00000000-0000-0000-0001-000000000003', NULL, 'UNIT', 1500.00, 2200.00, 60,
     true, true, NULL, NULL, '2026-07-03 08:00:00', '2026-07-03 08:00:00'),

    ('00000000-0000-0000-0002-000000000011', '00000000-0000-0000-0000-000000000001',
     'HH-DETER-OMO2KG', 'OMO Detergent 2kg', 'Washing powder 2kg carton',
     '00000000-0000-0000-0001-000000000003', NULL, 'UNIT', 8500.00, 12000.00, 30,
     true, true, NULL, NULL, '2026-07-03 08:00:00', '2026-07-03 08:00:00'),

    ('00000000-0000-0000-0002-000000000012', '00000000-0000-0000-0000-000000000001',
     'HH-MATCH-BOX', 'Safety Match Box', 'Safety matches box of 10 boxes',
     '00000000-0000-0000-0001-000000000003', NULL, 'BOX', 2000.00, 3000.00, 40,
     true, true, NULL, NULL, '2026-07-03 08:00:00', '2026-07-03 08:00:00'),

    ('00000000-0000-0000-0002-000000000013', '00000000-0000-0000-0000-000000000001',
     'STAT-PEN-BLUE', 'Blue Ballpoint Pen', 'Blue ink ballpoint pen box of 50',
     '00000000-0000-0000-0001-000000000004', NULL, 'BOX', 8000.00, 12000.00, 20,
     true, true, NULL, NULL, '2026-07-03 08:00:00', '2026-07-03 08:00:00'),

    ('00000000-0000-0000-0002-000000000014', '00000000-0000-0000-0000-000000000001',
     'STAT-BOOK-A4', 'A4 Exercise Book', 'A4 exercise book 80 pages',
     '00000000-0000-0000-0001-000000000004', NULL, 'UNIT', 800.00, 1200.00, 50,
     true, true, NULL, NULL, '2026-07-03 08:00:00', '2026-07-03 08:00:00'),

    ('00000000-0000-0000-0002-000000000015', '00000000-0000-0000-0000-000000000001',
     'BEV-BEER-SAFARI', 'Safari Lager 500ml', 'Safari lager beer 500ml bottle',
     '00000000-0000-0000-0001-000000000001', NULL, 'UNIT', 1800.00, 2500.00, 120,
     true, true, NULL, NULL, '2026-07-03 08:00:00', '2026-07-03 08:00:00');

-- NOTE ON unit_of_measure: BAG / PACKET / BOX values above are carried over
-- from your draft as-is. I can't verify these exist in your UnitOfMeasure
-- enum from a data-only dump — if your enum only has UNIT, KG, etc., adjust
-- these 5 rows (Mkunde Rice, Kagera Sugar, Pembe Flour, Safety Match Box,
-- Blue Ballpoint Pen) before running.

-- -----------------------------------------------------------------------
-- 4. Opening stock (IN movements) for the 14 new products.
--    performed_by = admin@demo.com (00000000-0000-0000-0000-000000000002)
-- -----------------------------------------------------------------------
INSERT INTO public.stock_movements
(id, business_id, product_id, movement_type, quantity, quantity_before,
 quantity_after, reference_type, reference_id, reason, performed_by,
 created_at, updated_at)
VALUES
    ('10000000-0000-0000-0006-000000000002', '00000000-0000-0000-0000-000000000001', '00000000-0000-0000-0002-000000000002', 'IN', 300, 0, 300, 'MANUAL', NULL, 'Opening stock', '00000000-0000-0000-0000-000000000002', '2026-07-03 08:05:00', '2026-07-03 08:05:00'),
    ('10000000-0000-0000-0006-000000000003', '00000000-0000-0000-0000-000000000001', '00000000-0000-0000-0002-000000000003', 'IN', 400, 0, 400, 'MANUAL', NULL, 'Opening stock', '00000000-0000-0000-0000-000000000002', '2026-07-03 08:05:00', '2026-07-03 08:05:00'),
    ('10000000-0000-0000-0006-000000000004', '00000000-0000-0000-0000-000000000001', '00000000-0000-0000-0002-000000000004', 'IN', 1000, 0, 1000, 'MANUAL', NULL, 'Opening stock', '00000000-0000-0000-0000-000000000002', '2026-07-03 08:05:00', '2026-07-03 08:05:00'),
    ('10000000-0000-0000-0006-000000000005', '00000000-0000-0000-0000-000000000001', '00000000-0000-0000-0002-000000000005', 'IN', 200, 0, 200, 'MANUAL', NULL, 'Opening stock', '00000000-0000-0000-0000-000000000002', '2026-07-03 08:05:00', '2026-07-03 08:05:00'),
    ('10000000-0000-0000-0006-000000000006', '00000000-0000-0000-0000-000000000001', '00000000-0000-0000-0002-000000000006', 'IN', 150, 0, 150, 'MANUAL', NULL, 'Opening stock', '00000000-0000-0000-0000-000000000002', '2026-07-03 08:05:00', '2026-07-03 08:05:00'),
    ('10000000-0000-0000-0006-000000000007', '00000000-0000-0000-0000-000000000001', '00000000-0000-0000-0002-000000000007', 'IN', 200, 0, 200, 'MANUAL', NULL, 'Opening stock', '00000000-0000-0000-0000-000000000002', '2026-07-03 08:05:00', '2026-07-03 08:05:00'),
    ('10000000-0000-0000-0006-000000000008', '00000000-0000-0000-0000-000000000001', '00000000-0000-0000-0002-000000000008', 'IN', 300, 0, 300, 'MANUAL', NULL, 'Opening stock', '00000000-0000-0000-0000-000000000002', '2026-07-03 08:05:00', '2026-07-03 08:05:00'),
    ('10000000-0000-0000-0006-000000000009', '00000000-0000-0000-0000-000000000001', '00000000-0000-0000-0002-000000000009', 'IN', 100, 0, 100, 'MANUAL', NULL, 'Opening stock', '00000000-0000-0000-0000-000000000002', '2026-07-03 08:05:00', '2026-07-03 08:05:00'),
    ('10000000-0000-0000-0006-000000000010', '00000000-0000-0000-0000-000000000001', '00000000-0000-0000-0002-000000000010', 'IN', 250, 0, 250, 'MANUAL', NULL, 'Opening stock', '00000000-0000-0000-0000-000000000002', '2026-07-03 08:05:00', '2026-07-03 08:05:00'),
    ('10000000-0000-0000-0006-000000000011', '00000000-0000-0000-0000-000000000001', '00000000-0000-0000-0002-000000000011', 'IN', 80, 0, 80, 'MANUAL', NULL, 'Opening stock', '00000000-0000-0000-0000-000000000002', '2026-07-03 08:05:00', '2026-07-03 08:05:00'),
    ('10000000-0000-0000-0006-000000000012', '00000000-0000-0000-0000-000000000001', '00000000-0000-0000-0002-000000000012', 'IN', 120, 0, 120, 'MANUAL', NULL, 'Opening stock', '00000000-0000-0000-0000-000000000002', '2026-07-03 08:05:00', '2026-07-03 08:05:00'),
    ('10000000-0000-0000-0006-000000000013', '00000000-0000-0000-0000-000000000001', '00000000-0000-0000-0002-000000000013', 'IN', 40, 0, 40, 'MANUAL', NULL, 'Opening stock', '00000000-0000-0000-0000-000000000002', '2026-07-03 08:05:00', '2026-07-03 08:05:00'),
    ('10000000-0000-0000-0006-000000000014', '00000000-0000-0000-0000-000000000001', '00000000-0000-0000-0002-000000000014', 'IN', 180, 0, 180, 'MANUAL', NULL, 'Opening stock', '00000000-0000-0000-0000-000000000002', '2026-07-03 08:05:00', '2026-07-03 08:05:00'),
    ('10000000-0000-0000-0006-000000000015', '00000000-0000-0000-0000-000000000001', '00000000-0000-0000-0002-000000000015', 'IN', 8, 0, 8, 'MANUAL', NULL, 'Opening stock', '00000000-0000-0000-0000-000000000002', '2026-07-03 08:05:00', '2026-07-03 08:05:00');

-- -----------------------------------------------------------------------
-- 5. Orders — 6 new orders spanning every status your status machine
--    actually supports (NEW, CONFIRMED, PROCESSING, DISPATCHED, DELIVERED,
--    CANCELLED). INVOICED/CLOSED intentionally excluded (invoicing not
--    built yet). order_number continues from your real order_seq (11),
--    so these take ORD-2026-00012 through 00017 — no collision with your
--    existing ORD-2026-00001..00011.
--    delivery_address_id left NULL throughout, matching the precedent
--    already set by your real order 8f6b8013-...-c035c.
-- -----------------------------------------------------------------------
INSERT INTO public.orders
(id, business_id, order_number, customer_id, delivery_address_id, status,
 order_type, placed_by, notes, is_flagged, flag_reason, confirmed_at,
 dispatched_at, delivered_at, subtotal, tax_amount, total_amount,
 delivery_address_snapshot, created_at, updated_at)
VALUES
    -- Order 1: DELIVERED — Kariakoo Supermarket
    ('00000000-0000-0000-0004-000000000001', '00000000-0000-0000-0000-000000000001',
     'ORD-2026-00012', '00000000-0000-0000-0003-000000000002', NULL, 'DELIVERED',
     'STANDARD', '00000000-0000-0000-0000-000000000002', 'Weekly restock order',
     false, NULL, '2026-07-03 10:00:00', '2026-07-04 14:00:00', '2026-07-05 10:00:00',
     220000.00, 39600.00, 259600.00, NULL, '2026-07-03 09:00:00', '2026-07-05 10:00:00'),

    -- Order 2: DISPATCHED — Mwangi Distributors
    ('00000000-0000-0000-0004-000000000002', '00000000-0000-0000-0000-000000000001',
     'ORD-2026-00013', '00000000-0000-0000-0003-000000000003', NULL, 'DISPATCHED',
     'STANDARD', '00000000-0000-0000-0000-000000000002', 'Monthly supply run',
     false, NULL, '2026-07-05 09:30:00', '2026-07-06 15:00:00', NULL,
     160000.00, 28800.00, 188800.00, NULL, '2026-07-05 09:00:00', '2026-07-06 15:00:00'),

    -- Order 3: PROCESSING — Nyerere Road Mini Mart
    ('00000000-0000-0000-0004-000000000003', '00000000-0000-0000-0000-000000000001',
     'ORD-2026-00014', '00000000-0000-0000-0003-000000000004', NULL, 'PROCESSING',
     'STANDARD', '00000000-0000-0000-0000-000000000002', NULL,
     false, NULL, '2026-07-06 10:30:00', NULL, NULL,
     92000.00, 16560.00, 108560.00, NULL, '2026-07-06 10:00:00', '2026-07-07 09:00:00'),

    -- Order 4: CONFIRMED — Fatuma Traders Ltd (your existing real customer)
    ('00000000-0000-0000-0004-000000000004', '00000000-0000-0000-0000-000000000001',
     'ORD-2026-00015', '366880ec-befa-4b85-a1f4-1f2f64205b32', NULL, 'CONFIRMED',
     'STANDARD', '00000000-0000-0000-0000-000000000002', NULL,
     false, NULL, '2026-07-07 11:30:00', NULL, NULL,
     99000.00, 17820.00, 116820.00, NULL, '2026-07-07 11:00:00', '2026-07-07 11:30:00'),

    -- Order 5: NEW — Nyerere Road Mini Mart
    ('00000000-0000-0000-0004-000000000005', '00000000-0000-0000-0000-000000000001',
     'ORD-2026-00016', '00000000-0000-0000-0003-000000000004', NULL, 'NEW',
     'STANDARD', '00000000-0000-0000-0000-000000000002', NULL,
     false, NULL, NULL, NULL, NULL,
     84000.00, 15120.00, 99120.00, NULL, '2026-07-08 07:00:00', '2026-07-08 07:00:00'),

    -- Order 6: CANCELLED — Zanzibar Trading Co. (placed just before hold, then cancelled)
    ('00000000-0000-0000-0004-000000000006', '00000000-0000-0000-0000-000000000001',
     'ORD-2026-00017', '00000000-0000-0000-0003-000000000005', NULL, 'CANCELLED',
     'STANDARD', '00000000-0000-0000-0000-000000000002', NULL,
     false, 'Customer account placed on hold after order was created', NULL, NULL, NULL,
     80000.00, 14400.00, 94400.00, NULL, '2026-07-06 08:00:00', '2026-07-06 09:00:00');

-- Order items
INSERT INTO public.order_items
(id, business_id, order_id, product_id, product_snapshot, quantity_ordered,
 quantity_picked, unit_price, line_total, notes, created_at, updated_at)
VALUES
    -- Order 1
    ('10000000-0000-0000-0007-000000000001', '00000000-0000-0000-0000-000000000001', '00000000-0000-0000-0004-000000000001', '00000000-0000-0000-0002-000000000002', '{"id": "00000000-0000-0000-0002-000000000002", "sku": "BEV-COKE-1L", "name": "Coca Cola 1 Litre", "price": "2000.00"}', 50, 50, 2000.00, 100000.00, NULL, '2026-07-03 09:00:00', '2026-07-03 09:00:00'),
    ('10000000-0000-0000-0007-000000000002', '00000000-0000-0000-0000-000000000001', '00000000-0000-0000-0004-000000000001', '00000000-0000-0000-0002-000000000006', '{"id": "00000000-0000-0000-0002-000000000006", "sku": "FOOD-RICE-5KG", "name": "Mkunde Rice 5kg", "price": "12000.00"}', 10, 10, 12000.00, 120000.00, NULL, '2026-07-03 09:00:00', '2026-07-03 09:00:00'),
    -- Order 2
    ('10000000-0000-0000-0007-000000000003', '00000000-0000-0000-0000-000000000001', '00000000-0000-0000-0004-000000000002', '00000000-0000-0000-0002-000000000004', '{"id": "00000000-0000-0000-0002-000000000004", "sku": "BEV-WATER-1L", "name": "Kilimanjaro Water 1L", "price": "600.00"}', 100, 100, 600.00, 60000.00, NULL, '2026-07-05 09:00:00', '2026-07-05 09:00:00'),
    ('10000000-0000-0000-0007-000000000004', '00000000-0000-0000-0000-000000000001', '00000000-0000-0000-0004-000000000002', '00000000-0000-0000-0002-000000000009', '{"id": "00000000-0000-0000-0002-000000000009", "sku": "FOOD-OIL-2L", "name": "Cowboy Cooking Oil 2L", "price": "10000.00"}', 10, 10, 10000.00, 100000.00, NULL, '2026-07-05 09:00:00', '2026-07-05 09:00:00'),
    -- Order 3
    ('10000000-0000-0000-0007-000000000005', '00000000-0000-0000-0000-000000000001', '00000000-0000-0000-0004-000000000003', '00000000-0000-0000-0002-000000000003', '{"id": "00000000-0000-0000-0002-000000000003", "sku": "BEV-FANTA-500", "name": "Fanta Orange 500ml", "price": "1200.00"}', 40, 0, 1200.00, 48000.00, NULL, '2026-07-06 10:00:00', '2026-07-06 10:00:00'),
    ('10000000-0000-0000-0007-000000000006', '00000000-0000-0000-0000-000000000001', '00000000-0000-0000-0004-000000000003', '00000000-0000-0000-0002-000000000010', '{"id": "00000000-0000-0000-0002-000000000010", "sku": "HH-SOAP-SUNLIGHT", "name": "Sunlight Soap Bar", "price": "2200.00"}', 20, 0, 2200.00, 44000.00, NULL, '2026-07-06 10:00:00', '2026-07-06 10:00:00'),
    -- Order 4
    ('10000000-0000-0000-0007-000000000007', '00000000-0000-0000-0000-000000000001', '00000000-0000-0000-0004-000000000004', '00000000-0000-0000-0002-000000000005', '{"id": "00000000-0000-0000-0002-000000000005", "sku": "BEV-JUICE-1L", "name": "Azam Juice 1 Litre", "price": "1800.00"}', 30, 0, 1800.00, 54000.00, NULL, '2026-07-07 11:00:00', '2026-07-07 11:00:00'),
    ('10000000-0000-0000-0007-000000000008', '00000000-0000-0000-0000-000000000001', '00000000-0000-0000-0004-000000000004', '00000000-0000-0000-0002-000000000012', '{"id": "00000000-0000-0000-0002-000000000012", "sku": "HH-MATCH-BOX", "name": "Safety Match Box", "price": "3000.00"}', 15, 0, 3000.00, 45000.00, NULL, '2026-07-07 11:00:00', '2026-07-07 11:00:00'),
    -- Order 5
    ('10000000-0000-0000-0007-000000000009', '00000000-0000-0000-0000-000000000001', '00000000-0000-0000-0004-000000000005', '00000000-0000-0000-0002-000000000013', '{"id": "00000000-0000-0000-0002-000000000013", "sku": "STAT-PEN-BLUE", "name": "Blue Ballpoint Pen", "price": "12000.00"}', 5, 0, 12000.00, 60000.00, NULL, '2026-07-08 07:00:00', '2026-07-08 07:00:00'),
    ('10000000-0000-0000-0007-000000000010', '00000000-0000-0000-0000-000000000001', '00000000-0000-0000-0004-000000000005', '00000000-0000-0000-0002-000000000014', '{"id": "00000000-0000-0000-0002-000000000014", "sku": "STAT-BOOK-A4", "name": "A4 Exercise Book", "price": "1200.00"}', 20, 0, 1200.00, 24000.00, NULL, '2026-07-08 07:00:00', '2026-07-08 07:00:00'),
    -- Order 6
    ('10000000-0000-0000-0007-000000000011', '00000000-0000-0000-0000-000000000001', '00000000-0000-0000-0004-000000000006', '00000000-0000-0000-0002-000000000015', '{"id": "00000000-0000-0000-0002-000000000015", "sku": "BEV-BEER-SAFARI", "name": "Safari Lager 500ml", "price": "2500.00"}', 8, 0, 2500.00, 20000.00, NULL, '2026-07-06 08:00:00', '2026-07-06 08:00:00'),
    ('10000000-0000-0000-0007-000000000012', '00000000-0000-0000-0000-000000000001', '00000000-0000-0000-0004-000000000006', '00000000-0000-0000-0002-000000000011', '{"id": "00000000-0000-0000-0002-000000000011", "sku": "HH-DETER-OMO2KG", "name": "OMO Detergent 2kg", "price": "12000.00"}', 5, 0, 12000.00, 60000.00, NULL, '2026-07-06 08:00:00', '2026-07-06 08:00:00');

-- Order status history
INSERT INTO public.order_status_history
(id, business_id, order_id, from_status, to_status, changed_by, reason, changed_at)
VALUES
    -- Order 1: full lifecycle
    ('10000000-0000-0000-0008-000000000001', '00000000-0000-0000-0000-000000000001', '00000000-0000-0000-0004-000000000001', NULL, 'NEW', '00000000-0000-0000-0000-000000000002', 'Order created', '2026-07-03 09:00:00'),
    ('10000000-0000-0000-0008-000000000002', '00000000-0000-0000-0000-000000000001', '00000000-0000-0000-0004-000000000001', 'NEW', 'CONFIRMED', '00000000-0000-0000-0000-000000000002', 'Confirmed by admin', '2026-07-03 10:00:00'),
    ('10000000-0000-0000-0008-000000000003', '00000000-0000-0000-0000-000000000001', '00000000-0000-0000-0004-000000000001', 'CONFIRMED', 'PROCESSING', '00000000-0000-0000-0000-000000000003', 'Picked by warehouse', '2026-07-04 09:00:00'),
    ('10000000-0000-0000-0008-000000000004', '00000000-0000-0000-0000-000000000001', '00000000-0000-0000-0004-000000000001', 'PROCESSING', 'DISPATCHED', '00000000-0000-0000-0000-000000000003', 'Dispatched from warehouse', '2026-07-04 14:00:00'),
    ('10000000-0000-0000-0008-000000000005', '00000000-0000-0000-0000-000000000001', '00000000-0000-0000-0004-000000000001', 'DISPATCHED', 'DELIVERED', '00000000-0000-0000-0000-000000000003', 'Delivered to customer', '2026-07-05 10:00:00'),
    -- Order 2: up to DISPATCHED
    ('10000000-0000-0000-0008-000000000006', '00000000-0000-0000-0000-000000000001', '00000000-0000-0000-0004-000000000002', NULL, 'NEW', '00000000-0000-0000-0000-000000000002', 'Order created', '2026-07-05 09:00:00'),
    ('10000000-0000-0000-0008-000000000007', '00000000-0000-0000-0000-000000000001', '00000000-0000-0000-0004-000000000002', 'NEW', 'CONFIRMED', '00000000-0000-0000-0000-000000000002', 'Confirmed by admin', '2026-07-05 09:30:00'),
    ('10000000-0000-0000-0008-000000000008', '00000000-0000-0000-0000-000000000001', '00000000-0000-0000-0004-000000000002', 'CONFIRMED', 'PROCESSING', '00000000-0000-0000-0000-000000000003', 'Picked by warehouse', '2026-07-06 09:00:00'),
    ('10000000-0000-0000-0008-000000000009', '00000000-0000-0000-0000-000000000001', '00000000-0000-0000-0004-000000000002', 'PROCESSING', 'DISPATCHED', '00000000-0000-0000-0000-000000000003', 'Dispatched from warehouse', '2026-07-06 15:00:00'),
    -- Order 3: up to PROCESSING
    ('10000000-0000-0000-0008-000000000010', '00000000-0000-0000-0000-000000000001', '00000000-0000-0000-0004-000000000003', NULL, 'NEW', '00000000-0000-0000-0000-000000000002', 'Order created', '2026-07-06 10:00:00'),
    ('10000000-0000-0000-0008-000000000011', '00000000-0000-0000-0000-000000000001', '00000000-0000-0000-0004-000000000003', 'NEW', 'CONFIRMED', '00000000-0000-0000-0000-000000000002', 'Confirmed by admin', '2026-07-06 10:30:00'),
    ('10000000-0000-0000-0008-000000000012', '00000000-0000-0000-0000-000000000001', '00000000-0000-0000-0004-000000000003', 'CONFIRMED', 'PROCESSING', '00000000-0000-0000-0000-000000000003', 'Picked by warehouse', '2026-07-07 09:00:00'),
    -- Order 4: up to CONFIRMED
    ('10000000-0000-0000-0008-000000000013', '00000000-0000-0000-0000-000000000001', '00000000-0000-0000-0004-000000000004', NULL, 'NEW', '00000000-0000-0000-0000-000000000002', 'Order created', '2026-07-07 11:00:00'),
    ('10000000-0000-0000-0008-000000000014', '00000000-0000-0000-0000-000000000001', '00000000-0000-0000-0004-000000000004', 'NEW', 'CONFIRMED', '00000000-0000-0000-0000-000000000002', 'Confirmed by admin', '2026-07-07 11:30:00'),
    -- Order 5: NEW only
    ('10000000-0000-0000-0008-000000000015', '00000000-0000-0000-0000-000000000001', '00000000-0000-0000-0004-000000000005', NULL, 'NEW', '00000000-0000-0000-0000-000000000002', 'Order created', '2026-07-08 07:00:00'),
    -- Order 6: NEW -> CANCELLED
    ('10000000-0000-0000-0008-000000000016', '00000000-0000-0000-0000-000000000001', '00000000-0000-0000-0004-000000000006', NULL, 'NEW', '00000000-0000-0000-0000-000000000002', 'Order created', '2026-07-06 08:00:00'),
    ('10000000-0000-0000-0008-000000000017', '00000000-0000-0000-0000-000000000001', '00000000-0000-0000-0004-000000000006', 'NEW', 'CANCELLED', '00000000-0000-0000-0000-000000000002', 'Customer account placed on hold after order was created', '2026-07-06 09:00:00');

-- Stock ledger for the orders above.
-- Pattern matches your live app's actual behaviour observed in the real
-- dump (order 6750f34b): RESERVATION at CONFIRMED (no physical change),
-- then RELEASE + OUT at DISPATCHED (reservation cleared, stock deducted).
-- Order 5 (NEW) and Order 6 (cancelled straight from NEW) touch no stock,
-- matching the same precedent (order 8f6b8013 in your dump has no
-- movements for products that were never reserved).
INSERT INTO public.stock_movements
(id, business_id, product_id, movement_type, quantity, quantity_before,
 quantity_after, reference_type, reference_id, reason, performed_by,
 created_at, updated_at)
VALUES
    -- Order 1 — Coca Cola 1L (300 opening) and Mkunde Rice 5kg (150 opening)
    ('10000000-0000-0000-0006-000000000016', '00000000-0000-0000-0000-000000000001', '00000000-0000-0000-0002-000000000002', 'RESERVATION', -50, 300, 300, 'ORDER', '00000000-0000-0000-0004-000000000001', 'Reserved for order', '00000000-0000-0000-0000-000000000002', '2026-07-03 10:00:00', '2026-07-03 10:00:00'),
    ('10000000-0000-0000-0006-000000000017', '00000000-0000-0000-0000-000000000001', '00000000-0000-0000-0002-000000000002', 'RELEASE', 50, 300, 300, 'ORDER', '00000000-0000-0000-0004-000000000001', 'Reservation released on dispatch', '00000000-0000-0000-0000-000000000003', '2026-07-04 14:00:00', '2026-07-04 14:00:00'),
    ('10000000-0000-0000-0006-000000000018', '00000000-0000-0000-0000-000000000001', '00000000-0000-0000-0002-000000000002', 'OUT', -50, 300, 250, 'ORDER', '00000000-0000-0000-0004-000000000001', 'Dispatched to customer', '00000000-0000-0000-0000-000000000003', '2026-07-04 14:00:00', '2026-07-04 14:00:00'),
    ('10000000-0000-0000-0006-000000000019', '00000000-0000-0000-0000-000000000001', '00000000-0000-0000-0002-000000000006', 'RESERVATION', -10, 150, 150, 'ORDER', '00000000-0000-0000-0004-000000000001', 'Reserved for order', '00000000-0000-0000-0000-000000000002', '2026-07-03 10:00:00', '2026-07-03 10:00:00'),
    ('10000000-0000-0000-0006-000000000020', '00000000-0000-0000-0000-000000000001', '00000000-0000-0000-0002-000000000006', 'RELEASE', 10, 150, 150, 'ORDER', '00000000-0000-0000-0004-000000000001', 'Reservation released on dispatch', '00000000-0000-0000-0000-000000000003', '2026-07-04 14:00:00', '2026-07-04 14:00:00'),
    ('10000000-0000-0000-0006-000000000021', '00000000-0000-0000-0000-000000000001', '00000000-0000-0000-0002-000000000006', 'OUT', -10, 150, 140, 'ORDER', '00000000-0000-0000-0004-000000000001', 'Dispatched to customer', '00000000-0000-0000-0000-000000000003', '2026-07-04 14:00:00', '2026-07-04 14:00:00'),

    -- Order 2 — Kilimanjaro Water 1L (1000 opening) and Cowboy Oil 2L (100 opening)
    ('10000000-0000-0000-0006-000000000022', '00000000-0000-0000-0000-000000000001', '00000000-0000-0000-0002-000000000004', 'RESERVATION', -100, 1000, 1000, 'ORDER', '00000000-0000-0000-0004-000000000002', 'Reserved for order', '00000000-0000-0000-0000-000000000002', '2026-07-05 09:30:00', '2026-07-05 09:30:00'),
    ('10000000-0000-0000-0006-000000000023', '00000000-0000-0000-0000-000000000001', '00000000-0000-0000-0002-000000000004', 'RELEASE', 100, 1000, 1000, 'ORDER', '00000000-0000-0000-0004-000000000002', 'Reservation released on dispatch', '00000000-0000-0000-0000-000000000003', '2026-07-06 15:00:00', '2026-07-06 15:00:00'),
    ('10000000-0000-0000-0006-000000000024', '00000000-0000-0000-0000-000000000001', '00000000-0000-0000-0002-000000000004', 'OUT', -100, 1000, 900, 'ORDER', '00000000-0000-0000-0004-000000000002', 'Dispatched to customer', '00000000-0000-0000-0000-000000000003', '2026-07-06 15:00:00', '2026-07-06 15:00:00'),
    ('10000000-0000-0000-0006-000000000025', '00000000-0000-0000-0000-000000000001', '00000000-0000-0000-0002-000000000009', 'RESERVATION', -10, 100, 100, 'ORDER', '00000000-0000-0000-0004-000000000002', 'Reserved for order', '00000000-0000-0000-0000-000000000002', '2026-07-05 09:30:00', '2026-07-05 09:30:00'),
    ('10000000-0000-0000-0006-000000000026', '00000000-0000-0000-0000-000000000001', '00000000-0000-0000-0002-000000000009', 'RELEASE', 10, 100, 100, 'ORDER', '00000000-0000-0000-0004-000000000002', 'Reservation released on dispatch', '00000000-0000-0000-0000-000000000003', '2026-07-06 15:00:00', '2026-07-06 15:00:00'),
    ('10000000-0000-0000-0006-000000000027', '00000000-0000-0000-0000-000000000001', '00000000-0000-0000-0002-000000000009', 'OUT', -10, 100, 90, 'ORDER', '00000000-0000-0000-0004-000000000002', 'Dispatched to customer', '00000000-0000-0000-0000-000000000003', '2026-07-06 15:00:00', '2026-07-06 15:00:00'),

    -- Order 3 — still PROCESSING, reservation only (Fanta 400 opening, Sunlight Soap 250 opening)
    ('10000000-0000-0000-0006-000000000028', '00000000-0000-0000-0000-000000000001', '00000000-0000-0000-0002-000000000003', 'RESERVATION', -40, 400, 400, 'ORDER', '00000000-0000-0000-0004-000000000003', 'Reserved for order', '00000000-0000-0000-0000-000000000002', '2026-07-06 10:30:00', '2026-07-06 10:30:00'),
    ('10000000-0000-0000-0006-000000000029', '00000000-0000-0000-0000-000000000001', '00000000-0000-0000-0002-000000000010', 'RESERVATION', -20, 250, 250, 'ORDER', '00000000-0000-0000-0004-000000000003', 'Reserved for order', '00000000-0000-0000-0000-000000000002', '2026-07-06 10:30:00', '2026-07-06 10:30:00'),

    -- Order 4 — CONFIRMED, reservation only (Azam Juice 200 opening, Match Box 120 opening)
    ('10000000-0000-0000-0006-000000000030', '00000000-0000-0000-0000-000000000001', '00000000-0000-0000-0002-000000000005', 'RESERVATION', -30, 200, 200, 'ORDER', '00000000-0000-0000-0004-000000000004', 'Reserved for order', '00000000-0000-0000-0000-000000000002', '2026-07-07 11:30:00', '2026-07-07 11:30:00'),
    ('10000000-0000-0000-0006-000000000031', '00000000-0000-0000-0000-000000000001', '00000000-0000-0000-0002-000000000012', 'RESERVATION', -15, 120, 120, 'ORDER', '00000000-0000-0000-0004-000000000004', 'Reserved for order', '00000000-0000-0000-0000-000000000002', '2026-07-07 11:30:00', '2026-07-07 11:30:00');

-- -----------------------------------------------------------------------
-- 6. Bump order_seq so the next LIVE order created in Postman becomes
--    ORD-2026-00018 — no collision with ORD-2026-00012..00017 above.
-- -----------------------------------------------------------------------
SELECT pg_catalog.setval('public.order_seq', 17, true);


